aaron,28
aaliyah,36
aaden,271
aarav,523
aarush,900
aadhya,917
aarna,965
aarya,992
aanya,994
aayan,1000
abigail,4
abel,124
abraham,124
abby,163
abbie,166
abe,215
abner,289
abram,290
abbey,392
abril,438
addison,11
adam,18
ada,33
adrian,56
adeline,63
addie,76
adriana,107
adalynn,108
adolph,112
adalyn,132
ahmad,386
ahmed,491
ah,820
ahmir,870
ahsley,1024
aharon,1564
ahlani,1664
ahren,1688
ahaan,1760
ahana,1801
akeem,405
akira,707
akeelah,708
aksel,1029
akash,1191
akiva,1260
akil,1268
akilah,1299
akiko,1384
akshara,1460
aiden,9
aidan,39
aimee,123
aisha,175
aileen,289
aitana,325
ainsley,332
ailani,464
aiyana,539
aidyn,642
alexis,3
alexander,4
alice,8
alyssa,11
albert,14
alexandra,26
allison,30
alexa,32
alfred,32
alicia,40
amy,2
amanda,2
amelia,4
amber,13
amos,105
amir,113
amaya,130
amara,140
amari,174
amira,209
arthur,14
aria,19
ariana,37
arianna,40
arlene,53
ariel,66
archie,79
arnold,89
arya,92
archer,126
anna,2
andrew,5
angela,5
anthony,7
annie,8
andrea,23
ann,28
angel,30
angelina,43
anne,52
austin,9
aubrey,15
aurora,31
audrey,33
aubree,53
autumn,64
august,74
augusta,108
augustus,175
audra,246
ava,3
avery,12
avis,238
avianna,354
averie,381
aviana,393
avah,463
avie,615
averi,713
avi,717
ayden,68
ayla,98
ayanna,362
aylin,367
ayaan,460
aydan,570
aydin,629
ayana,654
ayleen,730
aya,734
aziel,278
azalea,404
azul,615
azariah,619
azrael,732
azriel,734
azaria,845
azael,849
azzie,933
azalee,939
blanche,51
blake,71
blakely,156
blaine,211
blanch,246
blair,282
blanca,393
blaire,562
blaze,707
blane,708
brittany,3
brandon,6
brian,8
brenda,11
brianna,14
brooklyn,21
bruce,25
brayden,36
brandy,37
brittney,41
betty,2
benjamin,6
bertha,7
bessie,9
beverly,14
beatrice,36
bernice,39
ben,43
bernard,45
bert,47
bobby,23
bonnie,33
bob,75
bobbie,110
booker,177
bonita,181
boyd,228
bodhi,284
bobbi,314
bowen,366
carol,4
carolyn,10
camila,11
catherine,18
carrie,20
carl,22
carter,24
cameron,31
caleb,31
cathy,34
buddy,202
burton,222
bud,233
buster,238
burt,258
buford,311
buck,365
burl,381
bulah,474
butler,518
christopher,2
charlotte,3
charles,4
chloe,9
christina,12
cheryl,13
christine,14
chelsea,15
charlie,20
christian,21
cora,15
courtney,17
cody,24
connie,35
connor,38
corey,52
cooper,53
colton,59
cory,59
cole,69
david,1
daniel,5
danielle,14
dawn,14
danny,39
dana,44
dale,46
daisy,48
darlene,49
darren,52
cynthia,7
cyrus,216
cyril,263
cyndi,662
cydney,915
cyntha,947
cy,1037
cyle,1044
cyndy,1103
cyrstal,1402
curtis,72
curt,292
cullen,413
curley,490
cuba,597
curtiss,674
curry,1006
curvin,1250
custer,1251
cuong,1383
debra,2
deborah,2
dennis,16
dewey,19
debbie,20
destiny,22
denise,23
derek,50
delores,51
devin,58
diane,14
diana,42
diego,56
dianne,72
dillon,73
dick,138
diamond,150
dixie,167
dianna,172
dina,199
dorothy,2
donna,5
donald,6
doris,6
dolores,13
douglas,23
dora,46
don,50
dominic,68
dominique,83
elizabeth,3
elijah,4
ella,12
eleanor,15
ellie,29
elsie,31
elmer,32
eliana,41
elaine,42
elias,43
emily,1
emma,1
emilia,40
emery,82
emil,90
emmett,103
emersyn,134
emerson,143
emmanuel,144
emiliano,152
dustin,41
duane,102
dulce,264
dudley,291
dusty,316
duncan,378
durward,510
duke,533
durell,606
dulcie,665
enzo,121
enoch,202
enrique,221
ena,352
enos,357
enid,412
ennis,586
ensley,591
enola,617
enrico,660
eric,13
erin,18
ernest,21
erica,31
erik,64
erika,73
erma,138
ervin,163
erick,166
ernestine,193
esther,27
estelle,106
estella,106
essie,126
esmeralda,133
estrella,296
esme,307
esteban,320
ester,368
esta,373
ethan,2
ethel,6
etta,72
ettie,319
ethyl,415
ethelyn,456
etha,520
etna,540
ether,813
ethelbert,853
fannie,47
faith,48
faye,146
farrah,177
fanny,183
fay,202
fatima,227
fabian,253
fallon,376
fate,444
felicia,90
felix,137
fernando,149
fern,152
ferdinand,229
fernanda,258
felicity,346
felipe,373
ferne,400
felecia,470
eydie,1518
eydan,1620
eyad,1645
eyan,1867
eyvonne,1878
eyden,2050
eythan,2405
eyvette,2808
eythel,2957
eyal,3689
finley,159
finn,166
fiona,180
fitzhugh,366
finnegan,377
filomena,427
finis,435
finnley,595
fidel,634
fitzgerald,690
evelyn,9
eva,31
evan,35
everly,42
everett,81
everleigh,94
evangeline,235
evie,275
evelynn,311
everlee,362
grace,13
grover,20
gregory,21
grayson,32
greg,77
greyson,77
gracie,94
grant,115
graham,155
gregg,167
gladys,11
gloria,20
glenn,55
glenda,79
glen,112
glenna,256
glynis,596
glynn,597
glennie,600
glendon,624
frank,6
frances,8
fred,14
francis,29
franklin,33
frederick,33
francisco,114
fredrick,126
freya,129
freddie,132
hannah,2
harry,8
harper,9
harold,12
hazel,18
hailey,19
hattie,27
haley,28
harvey,51
harrison,52
gwendolyn,112
gwen,295
gwenda,884
gwyneth,891
gwyn,933
gwendoline,1251
gwenn,1257
gwenyth,1331
gwynne,1345
gwendolen,1680
guy,65
gus,121
gussie,198
guadalupe,210
gustave,217
gunner,235
gustav,242
gustavo,260
gust,330
guillermo,352
helen,2
heather,3
henry,7
herbert,25
herman,44
heidi,60
henrietta,105
hector,156
hettie,172
heath,181
hudson,27
hunter,35
hugh,69
hubert,106
hulda,171
huey,237
hugo,263
humberto,513
huxley,539
huldah,545
howard,24
holly,48
homer,64
horace,79
hobart,128
hope,143
hobert,216
holden,218
hollis,292
hobson,311
irene,16
ira,57
iris,84
irving,93
irma,137
irvin,140
irwin,245
irena,580
irl,605
irven,714
inez,96
ina,145
india,299
inga,368
ingrid,380
infant,389
indie,553
indiana,604
ines,715
inell,852
ivy,42
iva,111
ivan,114
ivory,447
ivanna,534
ivah,568
ivette,569
ivey,670
ivie,826
ivana,852
isabella,1
isaac,28
isla,33
isaiah,39
isabelle,79
isabel,83
israel,202
isiah,268
isadore,274
ismael,312
jacob,1
james,1
jason,2
jayden,4
jack,11
jackson,14
janet,16
jamie,18
janice,21
jasmine,23
izabella,138
izaiah,390
izora,532
izola,800
izayah,817
izetta,841
izabelle,957
iza,964
izabel,1039
izan,1079
jennifer,1
jessica,1
jeffrey,9
jean,12
jerry,14
jeremy,14
jennie,24
jesse,26
jessie,35
jeffery,42
jhon,1016
jhene,1073
jhett,1370
jhonatan,1856
jhonny,1954
jhane,2150
jhonathan,2402
jhase,2445
jhacari,2524
jhoan,2749
john,1
joshua,3
joseph,5
joan,5
joyce,11
jonathan,15
joe,20
josephine,21
jordan,26
jose,28
jmarion,3869
jmichael,5091
jmya,5285
jmari,5419
jmarcus,5720
jm,6258
jmarie,7193
jmar,7511
jmir,7755
jmauri,10380
judith,4
justin,7
julie,10
judy,11
julia,26
julian,31
june,39
juan,46
juanita,48
julius,88
karen,3
kathleen,9
kayla,11
kathy,14
katherine,25
kaylee,26
kaitlyn,30
katie,38
kathryn,45
katelyn,52
jyl,1103
jyaire,2538
jyll,4118
jyssica,4163
jymme,4383
jyair,4625
jyllian,5085
jyles,5257
jyron,5263
jyme,5311
kelly,10
kevin,11
kenneth,13
kelsey,23
keith,32
kennedy,54
kendra,77
keira,110
kelli,115
kendall,116
kimberly,2
kim,34
kinsley,57
kiara,78
kingston,112
kirk,138
king,147
kirsten,154
kimberley,166
kinley,180
khloe,42
khadijah,184
khalil,251
khaleesi,550
khiry,649
khari,677
khalilah,716
khalid,716
khaza,839
khalani,861
lauren,9
laura,10
larry,10
layla,23
lawrence,30
landon,32
laurie,37
latoya,60
lance,76
lacey,116
kyle,18
kylie,49
kylee,138
kyla,162
kyra,179
kyrie,215
kyler,236
kyleigh,272
kylo,436
kyson,436
levi,12
leo,22
leah,24
lewis,30
leonard,37
lee,39
lena,41
leroy,50
lester,52
leslie,56
liam,1
lisa,1
linda,1
lillian,10
lily,15
lillie,33
lindsey,35
lindsay,36
lincoln,40
lizzie,62
logan,5
lori,8
louise,17
lois,17
louis,18
lorraine,39
loretta,62
lottie,75
london,85
lola,99
mary,1
matthew,2
mason,2
madison,2
margaret,3
mark,6
marie,7
mateo,11
marilyn,13
martha,14
lloyd,51
llewellyn,594
lluvia,1098
lleyton,1811
llewyn,2340
lloyde,2451
lliam,2824
llewelyn,3072
llona,3549
lloyed,4325
melissa,2
megan,10
melanie,42
melvin,47
meghan,63
melinda,72
melody,106
meagan,120
meredith,140
mercedes,164
michael,1
michelle,2
minnie,5
mia,6
mildred,6
mila,14
michele,29
mike,36
misty,40
miles,55
morgan,22
monica,39
molly,74
mollie,79
morris,82
monique,93
moses,119
mose,176
monroe,179
mona,230
myrtle,27
mya,97
myles,112
myrna,134
myra,158
myla,185
myron,192
myrtie,212
myrta,400
mylee,436
nancy,6
natalie,13
nathan,20
naomi,46
nathaniel,60
natasha,70
natalia,79
nannie,86
nayeli,175
nadia,178
nellie,14
nevaeh,25
nettie,62
nelson,136
nell,144
neil,146
nelle,175
newton,182
neal,198
neva,212
nicholas,5
nicole,6
nichole,93
nina,115
nicolas,132
nick,173
nikki,173
nico,236
nickolas,248
nikita,250
nyla,226
nylah,365
nyah,504
nya,617
nyasia,794
nyree,835
nyra,851
nyomi,917
nyoka,1034
nydia,1389
nkosi,2514
nkenge,2849
nkrumah,3617
nkechi,6384
nkauj,8075
nkechinyere,9988
nkiruka,10077
nkem,11380
nkemdilim,11404
nkemjika,12797
patricia,3
pamela,10
paul,12
patrick,30
pauline,32
paula,38
paisley,45
paige,47
patsy,52
parker,72
olivia,1
oliver,3
olive,82
ollie,96
olga,126
ola,140
ole,242
olin,327
olaf,393
olen,420
oscar,26
osvaldo,410
oswald,465
oswaldo,548
ossie,553
osa,615
osie,629
osborne,699
osiris,917
osborn,944
piper,67
pink,304
pinkie,364
pierre,389
pierce,394
pinkney,520
pinkey,891
pinky,1025
pierson,1136
pietro,1164
phyllis,24
philip,52
phillip,64
phoebe,214
phoenix,238
phil,260
philomena,355
phebe,357
philomene,621
phylicia,651
polly,225
porter,275
poppy,338
portia,590
pollie,622
porsha,669
polk,861
porsche,916
porfirio,921
powell,936
quinn,73
quentin,220
quincy,273
quinton,297
queen,369
queenie,497
quintin,503
quiana,571
quinten,676
quint,808
rachel,9
raymond,14
ralph,21
randy,28
ray,49
randall,53
rachael,98
raelynn,100
ramona,117
raven,139
preston,114
priscilla,127
presley,188
prince,297
precious,377
princeton,402
prudence,415
price,454
princess,613
press,639
robert,1
ronald,9
rose,14
roy,18
roger,22
robin,25
rodney,33
rosa,52
ronnie,54
roberta,64
richard,5
riley,22
ricky,34
rita,42
rick,76
river,105
rickey,106
ricardo,115
rickie,218
rihanna,311
samantha,3
sarah,3
sandra,5
samuel,17
sara,26
savannah,30
sam,30
sadie,46
santiago,48
sally,52
ryan,11
ryder,95
rylee,97
ryker,122
ryleigh,138
rylan,146
rylie,318
ryland,407
ryne,516
ryann,697
ruth,3
ruby,22
russell,48
rufus,88
rudolph,110
ruben,165
rudy,235
russel,283
ruthie,314
rusty,328
sebastian,13
sean,33
serenity,52
seth,63
selena,91
sergio,156
selma,163
seymour,182
serena,209
selah,364
shirley,2
sharon,8
shannon,17
shawn,27
shelby,33
sherry,48
sheila,50
shaun,52
shane,54
sherri,78
sierra,49
sidney,80
silas,87
sienna,135
simon,142
sim,305
simone,311
simeon,360
sibyl,376
sid,427
sophia,1
sofia,12
sophie,51
sonya,114
sonia,165
sonja,180
solomon,198
sondra,199
sol,257
sonny,428
stephanie,6
steven,10
stephen,19
stacy,32
stanley,34
stella,38
steve,41
stacey,41
stefanie,105
stacie,131
susan,2
suzanne,52
sue,61
susie,67
summer,119
sutton,216
sudie,256
susanne,280
susanna,336
suzette,341
skylar,42
skyler,213
skye,367
skyla,504
sky,715
skip,756
skylynn,1231
skylah,1290
skipper,1381
skylee,1493
sydney,23
sylvia,50
sylvester,127
sybil,282
sylvie,436
syble,446
sylas,485
sydnee,540
sylvan,555
sydni,559
taylor,6
tammy,8
tara,35
tanya,46
tamara,63
tanner,82
tabitha,126
tasha,130
tamika,130
tami,154
sweetie,1044
swan,1099
swannie,1115
swen,2030
swara,2080
swanson,2375
swayze,2490
swain,2703
swayne,3526
swindell,3781
teresa,18
terry,26
terri,46
ted,144
teagan,150
tevin,162
teri,171
terrence,176
terrance,179
tessa,190
thomas,8
theodore,10
thelma,25
theresa,32
theo,99
thiago,106
thurman,205
therese,220
thea,268
thaddeus,307
timothy,11
tiffany,13
tina,18
tim,60
tillie,148
timmy,188
tiara,216
tia,221
tiana,267
titus,280
tkeyah,1059
tkai,3779
tkeya,6244
tkia,6370
tkiyah,11556
tkeyha,11656
tkaiya,12115
tkaia,15269
tkara,15297
tkayah,15298
todd,28
tonya,36
tom,40
tony,48
tommy,70
tori,142
toni,145
toby,190
tommie,195
tonia,212
tracy,10
travis,36
troy,40
trinity,48
tracey,55
trevor,58
tristan,68
traci,100
tricia,109
tracie,147
vernon,65
vera,65
veronica,68
velma,88
verna,117
vern,273
vesta,279
verne,306
verda,351
veva,413
umberto,1170
umar,1240
uma,2349
umeka,2909
umair,3437
umer,4329
umaiza,4353
umeko,4363
umbert,4478
umi,5378
vanessa,41
valentina,56
valerie,60
valeria,72
van,234
vance,328
vada,334
vaughn,348
valentine,366
valarie,379
virginia,6
victoria,16
violet,20
viola,42
vicki,50
vincent,58
victor,63
vivian,64
vickie,68
virgil,93
tyler,5
tyrone,132
ty,169
tyrese,201
tyson,237
tyra,320
tyrell,354
tyree,407
tylor,418
tyron,634
woodrow,44
woody,600
woodie,604
wong,608
worth,609
worley,639
woodson,693
woodroe,772
wood,941
worthy,1055
wyatt,25
wynter,344
wylie,460
wynona,705
wyman,706
wylder,863
wynn,1027
wynell,1129
wylma,1260
wynema,1263
william,2
willie,11
will,25
willow,37
willard,58
wilma,62
willis,86
wilbur,91
wilson,122
winfield,122
xena,758
xenia,1482
xela,3678
xen,4061
xerxes,4301
xenophon,4319
xeng,4664
xee,5450
xenovia,6991
xeryus,7157
yahir,258
yaretzi,302
yasmin,325
yasmine,385
yaritza,492
yadira,506
yareli,511
yandel,529
yazmin,536
yara,571
yolanda,89
yoselin,475
young,504
yosef,666
yousef,725
yolonda,747
yoel,780
york,780
yoshiko,796
yoshio,799
zachary,12
zachery,167
zayden,184
zane,199
zara,201
zander,230
zackary,232
zayn,275
zachariah,305
zackery,307
zion,136
zina,338
zilpah,621
zilpha,635
zita,685
zillah,739
zigmund,875
zilla,1028
ziggy,1195
zia,1230
zelma,216
zella,220
zelda,376
zeb,504
zetta,516
zena,560
zeke,610
zechariah,636
zettie,661
zenobia,683
aedan,759
aerial,1270
aeden,1565
aeson,1849
aeriel,1934
aeris,1996
aerith,2245
aesha,2259
aedyn,2346
aella,2365
afton,784
affie,908
africa,1325
affan,2417
afrika,3312
aftan,3433
afred,3598
afnan,3609
afshin,3620
aften,4479
ashley,1
asher,19
ashton,76
ashlee,112
ashanti,115
ashlyn,127
ashleigh,176
asa,178
asia,195
aspen,196
athena,78
atlas,129
atticus,264
atreus,582
attie,598
atha,816
attilio,836
atharv,995
atiya,1166
atlee,1196
barbara,2
bailey,60
barry,61
barrett,192
barney,202
bart,249
baylee,296
basil,322
baylor,390
banks,404
billy,19
bill,58
billie,79
bianca,84
birdie,152
bishop,416
birt,538
bird,550
birtie,551
billye,556
cecil,65
cecilia,133
celia,141
cesar,158
cecelia,169
celeste,204
cecile,221
cedric,230
celine,342
celina,423
clara,7
clarence,17
claire,40
claude,46
clyde,50
clifford,57
cleveland,92
claudia,111
clinton,124
claud,139
earl,20
easton,66
earnest,106
earle,232
earline,296
earnestine,301
earlene,315
early,323
easter,415
earley,560
eileen,68
eithan,500
eino,628
einar,729
einer,1093
eilene,1098
eisley,1224
eitan,1310
eiza,1387
eithel,1396
dwayne,112
dwight,122
dwain,488
dwaine,703
dwane,762
dwan,875
dwyane,996
dwana,1220
dwanna,1706
dwala,2329
ezra,25
ezekiel,49
ezequiel,332
ezzard,760
ezell,788
ezrah,941
ezzie,1416
ezio,1528
ezora,1769
ezma,1941
florence,6
floyd,44
flora,68
flossie,129
fletcher,266
floy,277
florine,329
florida,381
florene,513
florian,525
george,4
gerald,19
gertrude,22
geraldine,38
genesis,55
gene,61
genevieve,76
georgia,81
geneva,106
geoffrey,167
gianna,13
gina,54
gilbert,90
giovanni,117
giselle,134
ginger,187
gia,267
giuliana,296
gillian,303
gideon,304
hilda,87
hiram,124
hillary,132
hilary,232
hilma,344
hildred,473
hilton,498
hilliard,524
hildur,542
hildegarde,565
ike,184
iker,190
ikaika,1611
ikea,1842
ikeem,2262
ikey,2769
ikenna,2941
ikie,3146
ikechukwu,3509
ikhlas,4675
ijeoma,3896
ijanae,8703
ijah,9068
ijnanya,9247
ijaz,11038
ijahnae,12924
ijanay,14258
ija,14834
ijana,16408
jlynn,3227
jl,4332
jlyn,5299
jlen,5829
jlon,6103
jla,6958
jlani,7077
jlin,9644
jlan,9980
jlisa,10172
kristin,31
kristen,33
kristy,51
krystal,53
kristina,57
krista,93
kristi,98
kristine,104
kristopher,104
krystle,111
kobe,222
kody,245
koa,351
kolby,359
kory,360
kolton,378
kourtney,403
korey,427
kora,462
koda,471
lucas,8
luna,10
lucille,27
luke,28
luca,28
lula,36
lucy,44
luis,49
luther,63
lulu,76
lynn,58
lydia,75
lynda,77
lyla,105
lynne,144
lyle,145
lynette,225
lyda,242
lyman,271
lyric,271
mrytle,1226
mrk,3180
mry,4130
mria,8266
mr,9795
mridula,13426
mryah,15824
mrinalini,17113
muriel,112
murray,206
muhammad,297
murphy,510
murry,540
musa,716
murl,788
mustafa,873
murdock,924
murrell,1132
noah,1
norma,22
nora,27
nova,32
norman,36
nolan,60
norah,136
noelle,202
norbert,207
nola,254
omar,131
omer,263
oma,276
omarion,420
omari,471
omie,722
omega,1005
omah,1130
om,1174
omayra,1485
ona,303
onyx,355
onie,494
oneal,784
oneta,883
oneida,887
onnie,952
oney,999
oneita,1098
oneil,1183
ora,104
orville,120
orlando,246
orpha,263
orval,297
orion,300
oren,356
orrin,383
orin,391
oral,474
penelope,21
pearl,24
peggy,31
peter,31
peyton,42
penny,87
percy,98
perry,101
pete,173
pedro,188
rebecca,10
renee,62
regina,80
reagan,97
remi,118
reginald,118
reese,128
rebekah,143
reuben,149
rena,153
rhonda,37
rhett,149
rhoda,161
rhea,363
rhys,413
rhiannon,418
rheta,527
rhianna,607
rhodes,922
rhona,993
scott,10
scarlett,14
scotty,210
scottie,307
scot,311
scarlet,370
scout,693
scarlette,696
schley,737
schuyler,848
spencer,84
spenser,503
spring,623
spurgeon,634
spicy,1037
sparkle,1102
speed,1144
spence,1218
spiro,1778
spiros,2058
walter,10
warren,24
wayne,29
wanda,47
waylon,66
wallace,69
walker,78
wade,183
ward,243
washington,330
xavier,68
xander,164
xavi,809
xavion,1138
xaiden,1483
xavior,1555
xavien,1641
xavian,1674
xan,1886
xayden,2030
ximena,118
xiomara,494
xitlali,1227
xitlaly,1363
xion,1833
xia,3400
xiong,3603
xiana,3976
xiamara,4169
xitlalli,4205
yisroel,878
yitzchok,1051
yitty,1748
yisrael,1989
yitzchak,2366
yisel,2372
yides,3165
yiannis,3825
ying,3952
yi,4346
cindy,19
ciara,149
cierra,180
ciera,375
cicero,398
cindi,428
cinda,597
cicely,608
citlalli,610
ciji,698
drew,126
drake,196
dream,336
drusilla,612
draven,637
drucilla,660
drema,891
drury,977
dreama,1090
drayden,1106
dlynn,3378
dlorah,4713
dlisa,4991
dlinda,7017
dlana,8310
dlani,9162
dlyan,9382
dlyla,12230
dleh,12508
dlila,12755
ekam,2734
ekaterina,3350
ekaterini,4501
ekin,5070
eknoor,6083
ekansh,6549
eko,6804
ekco,7493
ekta,7558
ekko,7886
effie,55
efrain,469
effa,524
efren,769
efrem,814
efraim,1885
efton,2553
effrem,2883
efford,3014
efram,3135
gary,9
gabriel,21
gavin,30
gabriella,33
gail,36
gabrielle,46
garrett,74
garfield,88
gabriela,102
gael,104
gypsy,1260
gypsie,1921
gyneth,2064
gyasi,2515
gyles,3436
gy,4130
gyle,4575
gyla,4831
gyda,5137
gynith,5445
ian,65
iain,1181
iantha,1630
ianna,2924
iann,3016
iam,3110
ianthe,3877
iasia,4014
ialene,4410
iana,4503
hyman,214
hyrum,664
hymen,956
hyacinth,1177
hydeia,1969
hyla,2011
hy,2351
hylda,2359
hymie,2489
hyland,2708
ife,4290
ifeoma,5245
ifeanyichukwu,5263
ifeoluwa,5513
ifeanyi,5791
ifrah,6371
ifetayo,6455
iffany,7722
ifeyinwa,8432
ifunanya,9600
icie,515
icy,553
icey,975
ica,976
icia,1702
ichiro,1725
icel,1793
icle,2021
ichael,2138
icelynn,3125
imogene,157
imani,239
ima,432
imo,769
imelda,770
immanuel,893
imanol,922
imran,934
iman,1043
imogen,1239
jimmy,41
jill,41
jim,45
jimmie,68
jillian,96
jimena,387
jianna,765
jinnie,772
jiraiya,791
jionni,874
jkwon,1421
jkobe,6467
jkai,7524
jkayla,8467
jkhari,9249
jkari,10017
jkira,11923
jkwan,13200
jkobi,13237
jkyla,16021
kurt,109
kurtis,335
kunta,572
kunal,1302
kush,1878
kullen,2119
kurk,2367
kurtiss,2502
kunte,2517
kutina,2636
kshawn,4299
ksenia,4299
ksean,7753
kshaun,9696
kseniya,9945
ksha,9945
ksyn,11516
kson,11549
kshon,13351
ksandra,14657
mckenzie,133
mckinley,137
mckenna,177
mcarthur,357
mckayla,370
mccoy,820
mcclellan,1104
mckay,1184
mcadoo,1430
mcarther,1485
odessa,278
odell,296
odin,327
odis,336
odie,432
oda,498
odalys,681
odelia,706
odile,739
odette,843
octavia,248
ocie,390
octavio,532
ocean,604
octave,628
octa,833
octavie,835
octavius,918
octava,1319
oca,1447
tucker,173
turner,358
tula,755
tuan,932
turkessa,1021
tura,1142
tuesday,1261
tully,1293
tunney,1640
turquoise,1858
ulysses,272
ulises,503
ula,717
ulyses,1084
ulysees,1302
uldine,1358
ulysse,1361
ulysee,1576
ulma,1579
ulisses,1602
wendy,28
wesley,66
weston,82
wendell,114
wendi,317
weldon,324
webster,388
west,396
wells,466
wellington,496
vonda,261
volney,598
von,691
vollie,757
vonetta,819
vonnie,831
vola,1049
voyle,1092
voncile,1164
vona,1207
zyaire,371
zyair,733
zyon,871
zyla,1109
zygmunt,1174
zymir,1233
zylpha,1449
zya,1510
zyler,1587
zyan,1589
zuri,194
zula,308
zuma,1122
zudora,1366
zura,1436
zulema,1478
zuriel,1653
zuleyka,1693
zulma,1759
zudie,1975
crystal,9
craig,39
cristian,127
cristina,163
crew,254
cruz,279
cristal,377
crawford,443
cristopher,470
cristy,484
edward,8
edna,11
edith,26
edgar,51
edwin,52
ed,54
eddie,59
eduardo,112
eden,117
edmund,130
gordon,70
goldie,114
golda,295
golden,493
godfrey,566
goldia,667
gonzalo,695
gottlieb,695
gorden,725
governor,836
ila,237
ilene,347
iliana,656
ilona,821
illya,829
ilo,856
ilda,859
ilah,905
ilma,978
illa,983
kloe,965
klara,1093
klaus,1352
klayton,1402
klarissa,1424
kloey,1503
kline,1632
klay,1632
klint,1770
klinton,1780
mtthew,5987
mtisha,11672
uriel,386
urban,435
ursula,447
uriah,506
urijah,619
ura,835
ural,1096
urania,1524
urbano,1821
ursule,1914
whitney,32
wheeler,392
whitley,446
whit,645
whittney,1017
whitfield,1157
whitelaw,1250
white,1502
whitman,1674
whitnee,2116
yulissa,424
yusuf,546
yuliana,691
yuridia,898
yurem,957
yulisa,989
yusef,1097
yuna,1107
yusra,1116
yuriko,1211
zniyah,6808
znya,10118
zniya,11234
znyah,15474
zniah,20462
ace,153
acie,723
achilles,855
acey,959
acy,982
achsah,1211
achsa,1299
acacia,1312
achille,1727
acquanetta,1893
byron,194
byrd,562
byrdie,632
bynum,950
byrde,1047
byran,1281
byrl,1368
byford,2326
byrne,2686
byard,2774
eugene,20
eunice,106
eula,122
eugenia,190
eulalia,364
eugenie,413
eulah,581
eura,615
eudora,631
euna,670
iyla,679
iyana,749
iyanna,866
iyonna,1882
iylah,2101
iyanla,2800
iyania,3578
iyanah,3698
iyona,3974
iyone,4049
mkayla,4204
mkenzie,7566
mkai,9585
mkenzi,10031
mkenna,13178
mkya,13397
mkaila,16739
mkiyah,17095
mkyla,17930
mkaela,18280
oakley,157
oaklynn,159
oaklee,468
oaklyn,494
oakleigh,524
oather,1051
oakland,1246
oaklen,1690
oak,2574
oaklie,2658
sriya,2767
srikar,2798
srihan,2826
sriyan,3102
sriram,3104
srihaan,3575
srinivas,3623
srinika,3642
sridhar,4012
sruthi,4190
tsutomu,1354
tsuruko,1732
tsuneo,2090
tsuyako,2339
tsugio,2446
tsuyuko,3356
tsosie,3497
tsurue,3638
tsuyoshi,3933
tshombe,3946
uziel,1210
uzziah,1730
uzziel,3000
uzair,3284
uzella,4151
uziah,4401
uzoma,4655
uzma,5899
uziyah,7690
uzay,8152
xyla,979
xylah,3013
xyaire,3384
xyon,3515
xylia,3774
xylo,3993
xylina,4305
xylan,4406
xyler,4789
xya,4985
yesenia,137
yetta,402
yessenia,663
yehuda,773
yee,865
yessica,1038
yeshua,1249
yevette,1310
yerik,1330
yesica,1380
zoey,20
zoe,30
zora,258
zola,365
zona,423
zoie,554
zoa,613
zollie,684
zoya,787
zooey,1255
djuna,738
djuana,757
djimon,1374
djuan,1511
dj,2707
django,3201
djana,4706
djon,4790
djenaba,4867
djibril,5450
ephraim,407
ephriam,438
epsie,761
epifanio,772
ephram,851
eppie,976
epifania,1331
epiphany,2102
epimenio,2483
epigmenio,3265
ibrahim,383
ibbie,1369
ibn,1764
ibraheem,1920
ibrahima,2055
iban,3094
ibeth,3815
ibrohim,4585
ibe,4801
ibis,5404
kc,1156
kci,7397
kceon,11466
kcee,14526
knox,200
knute,874
knowledge,1021
knowlton,1150
knight,2057
knoxx,2354
knut,3249
knoah,3574
knova,4445
knoxton,5690
unknown,308
una,331
unique,790
unnamed,979
undra,1279
uniqua,1367
uno,1519
unice,1970
undine,2131
undray,2600
usman,1729
usher,2233
ustin,3069
usama,3368
usbaldo,4400
usiel,4630
usha,4849
usamah,5447
usvaldo,6295
usmon,7184
wuanita,4983
wulfric,7707
wuilmer,10200
wulf,12059
wuilber,12246
wuraola,13434
wuendy,14115
wuilian,14243
wudase,17490
wuendi,20332
xzavier,550
xzavion,1561
xzander,2596
xzavior,3302
xzavian,3782
xzayvier,4091
xzayvion,4386
xzorion,4997
xzavien,5639
xzayvian,6075
zriyah,9143
zriah,14941
twila,464
twyla,750
twana,1012
twanna,1021
twanda,1368
twilla,1573
twylah,2124
twan,2599
twylla,2911
twain,2967
zhane,584
zhuri,843
zhavia,884
zharia,1996
zhana,2626
zhaire,2986
zhi,4301
zhara,4561
zhamira,5183
zhyaire,5185
agnes,37
agatha,365
agustin,561
aggie,705
agusta,734
agustus,911
agness,921
agda,1177
agapito,1278
agastya,1303
aja,412
ajee,1004
ajay,1007
ajani,1341
aj,1546
ajah,1689
ajanae,2426
ajamu,2675
ajia,3093
ajla,3196
bjorn,763
bj,1517
bjarne,2400
bjay,5587
bjana,6762
dshawn,2793
dsean,3821
dshaun,3950
dshon,6232
dshanti,7158
dshun,10861
dshae,14139
dshayla,14831
dsani,15860
dylan,19
dylon,642
dyllan,809
dyan,981
dyllon,1099
dynasty,1241
dyland,1380
dyann,1385
dymond,1391
dyanne,1427
dzuy,5854
dzyre,5958
dzung,6642
dzenan,8922
dzion,11116
dziyah,12769
dzire,13897
dzaria,15092
dzejla,15745
dzeneta,15758
eola,775
eowyn,1830
eoin,1873
eon,3558
eoghan,3718
eoline,4451
eolia,5218
eona,17033
furman,496
fulton,607
fuller,889
fumiko,956
fumie,1840
fusako,1978
fusae,2060
fumio,2076
fumi,2207
fue,2466
ida,7
idella,335
idell,465
idris,766
idamae,949
idabelle,969
idelle,1047
idabel,1144
idalis,1264
idus,1323
qasim,2435
qais,3654
qamar,3982
qadir,4003
qadry,4636
qaadir,5596
qadriyyah,5781
qadree,6524
qaasim,8140
qasem,8644
sloane,140
sloan,571
slade,855
slim,1379
slater,1428
slate,2379
slyvester,3015
slyvia,3287
slayton,3899
slayde,4683
wren,184
wrenley,284
wright,547
wrenlee,712
wrenleigh,1201
wray,1411
wrenly,1446
wreatha,1925
wretha,2055
wrigley,2314
ylonda,3206
ylario,4831
ylanda,5279
yliana,5280
yle,6076
yler,8131
ylenia,8792
ylan,9752
ylianna,11091
yleana,13122
ghaith,2268
ghassan,3945
ghazal,4491
ghislaine,5053
ghalia,5670
ghazi,5792
ghana,6166
ghia,6514
ghada,6570
ghulam,6625
nunzio,754
nute,1028
nugent,1071
nuri,1119
nubia,1773
numa,2264
nuvia,2907
nura,2911
nunziata,2972
nuel,3071
oiva,1823
oisin,3539
oisha,17032
obie,468
obe,841
obed,883
obert,1205
obadiah,1481
obera,1604
obrian,2051
obryan,2141
obelia,2160
obbie,2436
okey,531
okla,1266
okie,1406
oksana,1860
okema,1953
okley,2118
oklahoma,2300
okoye,3769
oka,4129
okal,4130
vu,1209
vuong,3212
vula,3420
vue,3624
vuk,4262
vuthy,5126
vurla,5535
vung,7069
vulnavia,9255
vukan,13993
echo,845
ector,1919
echol,4385
echelle,4871
ecker,6414
ecaterina,6425
ecko,8282
ecequiel,9265
echoe,9354
eclipsa,10481
itzel,328
itzayana,758
italo,1271
italia,1389
itzae,1562
italy,1587
itha,1695
ita,1800
itsuo,2919
itati,3551
ozzy,620
ozella,707
ozie,814
ozell,977
ozzie,990
ozias,1042
oziel,1359
oza,1365
ozelle,1477
ozelma,1548
opal,81
ophelia,232
opha,924
ophia,1104
ophie,1300
opie,1348
ople,1644
opaline,1727
opel,2162
oprah,2699
vyron,2448
vytautas,2787
vyom,2793
vy,2973
vyola,3236
vyonne,3419
vyto,3719
vyvyan,3800
vytas,4239
vyrl,4770
axel,72
axton,594
axl,679
axie,1043
axle,1264
axell,1564
axyl,2662
axtyn,2863
axcel,3514
axiel,3677
dmitri,1557
dmarion,1694
dmarcus,1783
dmario,2508
dmarco,2614
dmitriy,2778
dmari,2897
dmitry,3069
dmorea,3632
dmonte,4712
ebony,132
eben,534
ebb,542
ebba,595
eboni,637
eber,664
ebbie,774
ebenezer,792
ebert,992
ebonie,1009
ixchel,2656
ixia,8698
ixcel,9099
ixel,9100
ixayana,12415
ixzel,12751
ixchell,14044
ixsel,14245
ixareli,15705
ixora,16179
lhiam,10298
lhea,11218
otto,63
otis,94
otho,322
ottilie,416
otha,435
ottis,466
ottilia,569
ottie,584
otelia,713
ota,728
dnaiel,4229
dniel,4975
dniyah,6202
dnyla,7550
dniya,7584
dnasia,9429
dnae,9723
dnaya,10092
dnya,10172
dnielle,10843
fynn,1488
fynlee,3577
fyrn,3998
fyodor,7681
fynleigh,8442
fynnigan,9112
fynnlee,9131
fynnley,9216
fysher,9885
fynley,9936
kjell,2259
kj,4699
kjersti,4757
kjersten,4951
kjirsten,6092
kjerstin,6433
kjuan,7247
kjon,9227
kjay,13161
nneka,1913
nnamdi,2432
nnaemeka,6020
nnenna,6038
nneoma,7921
nna,8508
nnanna,10336
ogden,981
ogle,1347
ogie,4644
ogechi,5268
ogreta,5385
ogechukwu,9978
ogheneruno,10467
oghenetega,11750
oguz,11961
oghenebrume,13557
pleasant,439
pleas,535
ples,641
plummer,688
pluma,721
pliny,1086
plez,1213
placido,1431
placida,1790
plato,2235
ptosha,7870
ptolemy,8646
ptah,13541
snowden,1089
snow,1469
sneha,1894
snyder,2862
snehal,3211
snoh,3289
snapper,4140
sneed,4715
snoda,5229
sneijder,5258
dhruv,996
dharma,2129
dhruva,2189
dhana,2358
dhriti,2443
dhyan,3309
dhani,3389
dhilan,3534
dhruvan,4507
dhara,4567
forrest,173
forest,223
foster,280
ford,439
foy,646
fox,746
fonda,766
foch,874
fount,989
fontella,1011
qwanell,4666
qwentin,6166
qwendolyn,6974
qwenton,8918
qwinton,9350
qwana,9401
qwanesha,10306
qwanda,10967
qwintin,12895
qwanisha,12934
smith,326
smiley,1186
smithie,1775
smitty,2104
smantha,2972
smithy,3495
smokey,3574
smita,4706
smead,4750
smauel,5045
yvonne,77
yvette,125
yvonnie,1592
yves,1693
yvonna,1717
yvon,2170
yvetta,2385
yvonda,2867
yvan,3831
yva,3864
aquilla,1289
aquil,1822
aqueelah,2381
aquila,2780
aquiles,3235
aqsa,3354
aquilino,3357
aquanetta,3756
aquan,4066
aquarius,4168
egbert,469
egypt,914
egidio,2143
egan,2367
egon,2585
ege,5066
egor,6883
egina,8345
eghosa,9238
egzon,9622
tzvi,1099
tziporah,3025
tzipora,3130
tziah,3975
tzivia,4597
tzirel,4698
tzippy,5297
tzipporah,6137
tzion,7071
tzuriel,9526
vhonda,5271
gnesis,12582
gniya,15791
hristopher,2298
hridhaan,3833
hridaan,4673
hristos,4733
hrihaan,6445
hriday,6478
hrithik,6504
hritik,6505
hrishikesh,7280
hristina,7583
jno,3048
jnaya,3301
jnya,4650
jniya,5159
jniyah,5631
jnae,6648
jnai,7219
jnyah,8754
jnyla,11328
jnyia,11877
jw,1991
jwan,4161
jwyanza,4934
jwaun,5766
jwana,6121
jwuan,8653
jwon,10448
nhi,2837
nhan,2925
nhia,3133
nhung,4227
nhu,4875
nhut,6165
nhat,6967
nhyla,7692
nhyira,8642
nha,8837
owen,18
owens,956
owyn,2439
owena,4114
owais,4139
oweda,4184
owin,5575
owynn,5576
oweta,5593
owain,5695
ujwal,14041
ujjwal,14094
ujala,17843
utah,1760
utha,3716
uthman,4255
utako,4799
utahna,4809
uta,5097
ute,5271
utopia,7623
utkarsh,10599
utica,11260
bhavin,3539
bhavik,4029
bhavesh,4073
bharat,4267
bhargav,4596
bhavya,4910
bhumi,7001
bharath,7041
bhavana,8851
bhavna,8869
ehlani,1045
ehren,1157
eh,2767
ehab,3542
ehsan,3686
ehan,3777
ehtan,3951
ehud,4587
ehron,4995
ehrin,5338
ihor,1971
ihsan,3405
ihla,4117
ihan,5933
ihab,7829
ihsaan,9117
ihuoma,10980
ihlani,12680
iham,12773
ihana,14485
jvon,2789
jveon,4295
jvion,4624
jvante,7941
jvonte,8135
jvaughn,9042
jvonne,9283
jvontae,10196
jvonn,10746
jven,11271
tniya,6748
tniyah,7364
tnya,8218
tnisha,10792
tnia,11036
tnyah,16299
tnaya,17779
dvonte,1947
dvante,2013
dvid,2150
dvon,3489
dvontae,3799
dvonta,4396
dvora,5279
dvaughn,6464
dvir,7342
dvorah,10918
md,3349
cnythia,4266
cniyah,9279
cne,10089
cnya,11118
cniya,12671
exie,570
exa,867
exilda,1116
exer,1792
exavier,1797
excell,1841
exodus,2720
exum,3547
exia,3576
exell,3709
json,1856
jsaon,3323
jsan,3453
jshawn,3773
jsoeph,3851
jsean,3939
jsutin,4655
jshaun,5184
jshon,6251
jsiah,6918
ohm,2663
ohn,3010
ohmer,3024
ohana,3194
ohara,3687
ohanna,6890
ohagi,7730
ohaji,7731
ohtli,8096
ohemaa,8474
rc,3455
rchel,11823
eesa,1978
eevee,2561
eesha,2986
eero,3455
eeshan,4358
eevie,5111
eeva,5889
eean,6753
eesah,8330
eeshaan,9042
ofelia,533
offie,953
ofilia,2152
ofa,4875
ofir,6361
ofek,11084
ofri,16025
sven,1113
svea,1360
sverre,2478
svetlana,3327
svend,3637
svanik,9507
svar,9572
svojas,10441
svara,11319
svana,12103
april,23
apollo,388
apolonia,1053
appolonia,1054
apryl,1139
apolonio,1237
apolinar,1293
apollonia,1435
appie,1468
aphrodite,2175
czeslawa,2285
czeslaw,3477
czar,5231
czarina,5971
czaria,15588
fjord,8253
fjolla,15847
ova,711
ovid,841
ovila,957
overton,1008
ovie,1120
oval,1247
ovide,1541
ovella,1614
ovidio,1944
ovida,2540
ng,1046
ngai,1734
ngoc,2177
nga,2332
nguyen,2549
nghia,3292
ngina,4459
ngozi,4878
ngan,6049
nguyet,6086
vraj,3522
vrishank,6013
vrinda,7247
vriha,12054
vrunda,14047
vriti,17172
vrisa,17870
vritika,19119
jream,777
jrue,904
jr,1338
jru,1601
jrake,5310
jron,9142
jrew,10149
jrae,10245
jraya,11525
jreux,12987
tmothy,4011
tmarion,7588
tmya,7996
tmara,13130
tmia,13403
tmaya,19974
tmyra,20323
hlee,6787
hli,10316
hla,18330
uwe,3268
uwais,6607
uwase,11044
uva,2198
uvaldo,2263
uvonka,7798
uver,10171
yma,4910
ymani,5251
ymelda,5668
ymir,8229
ymari,14139
vlasta,844
vladimir,1044
vladislav,2990
vlad,3628
vlora,10240
vladyslav,11981
vlada,12372
vladik,14389
vladislava,18945
xochitl,1179
xolani,1638
xochilt,2435
xoe,2935
xoey,4225
xola,4434
xochil,4494
xou,6216
xong,7354
xoie,7438
ynez,2392
ynes,3529
yngwie,10213
ynhi,13421
yna,17101
lj,4144
ljiljana,7658
jd,1724
jden,3549
jdyn,5303
jda,10581
jdin,11617
jdynn,13149
jdan,13440
jdon,13441
jdah,18193
rb,4830
rbecca,11555
kwame,583
kwasi,1527
kwesi,1681
kwamane,2110
kwamaine,2146
kwan,2173
kwane,2659
kwanza,2827
kweli,2893
kwabena,3250
pyper,975
pyrrha,14814
pypper,18895
udell,1748
udana,3768
udora,4549
uda,5054
udella,5666
uday,5856
udelia,5985
udy,7590
udona,10547
udonna,10548
ukiah,5538
ukari,6470
bwana,5081
iola,265
iona,318
ione,327
iowa,1226
ionia,1527
ioannis,1678
ioma,1753
iolanda,3137
iolene,3450
ion,3742
kden,4394
kdyn,7296
kd,11111
kdynn,11464
kdynce,12589
kdrian,13364
kdence,18193
ltanya,1379
ltonya,6114
ltoya,11187
aoife,1744
aolani,3172
aodhan,3640
aolanis,4497
aous,5329
aoki,6367
aoi,7624
aoun,8866
aowyn,10767
ao,10851
oyuki,4438
oyd,4666
oyuky,7888
oyku,9375
oyinkansola,10641
oyindamola,10675
oya,10954
oysha,17015
oyinlola,18170
nzinga,4524
nzuri,7160
nzingha,9283
btittany,12647
zsazsa,3262
zsolt,4041
zsa,7384
zsofia,8264
zshakira,12070
zsophia,20559
iesha,157
ieshia,718
ieisha,1372
ieasha,2143
ieda,3281
ieesha,4386
ieshea,5062
ieashia,8192
ieishia,8853
ieva,9158
ojas,2931
ojani,4373
ojay,4781
oji,4811
ojetta,5263
ojany,10947
ojasvi,12131
ojaswi,17752
purl,822
purvis,1067
purnell,1669
purcell,2193
puja,2288
pual,2931
purdy,3149
pura,3495
purvi,4674
puneet,4739
ubaldo,1593
uba,4149
ubald,4759
ubong,6712
uber,7761
ubaid,10547
ubah,13065
ubayd,13876
ubaidullah,13902
awilda,1129
aws,3323
awa,3410
awanda,3474
awab,4791
awad,5499
awet,5550
awais,5759
awesome,7109
awan,7502
jp,5775
jprince,13088
jc,1340
jceon,2441
jcion,4239
jceion,7249
jcorey,10359
jceyon,11300
jcyon,11333
ysidro,1219
ysabel,1633
ysabella,1804
ysmael,2469
ysidra,3160
ysidoro,3558
ysenia,3950
ysobel,4407
ysamar,4689
ysidora,4808
yy,14051
dcarlos,9044
dcorian,10957
dcarlo,12569
dcari,12581
ewing,615
ewell,670
ewald,763
ewart,770
ewin,946
ewan,1101
eward,1458
ewel,2669
ewalt,4016
ewen,4187
qiana,507
qianna,4366
qira,7187
qiara,7930
qi,9150
qian,9396
qiona,9851
qiuana,10785
qirat,11612
qion,13544
xjavier,12256
ignacio,502
ignatius,555
ignatz,909
ignazio,1100
ignacia,1290
igor,2454
ignace,2635
ignac,3384
ignatuis,3679
ignasio,4022
zlatan,4191
zlata,4233
zlaty,7506
ktina,7735
kt,10287
ktherine,11030
ykeisha,8757
yker,10750
dkwon,4983
dkari,5047
dkhari,6872
dkyrie,11096
dkaiden,11156
dkota,11349
dkayla,11472
ufemia,5118
nthony,4050
nthan,7024
jguadalupe,6203
mhia,10981
mher,11633
mhairi,15296
mhari,17053
mhya,17054
mhina,18267
vsevolod,13992
upton,1573
upshur,4915
kveon,3851
kvon,3943
kvion,5714
kvin,7119
kvaughn,9794
pfeiffer,10368
ipolito,9402
ipek,10087
ipsa,17591
kmari,4488
kmya,6947
kmarion,7281
kmarie,9874
kmora,10207
kmiyah,10647
kmauri,11486
kmani,13139
kmyah,16298
kmoni,16379
tpring,9576
xuri,3327
xue,4685
xuan,4956
xu,8462
xureila,9598
xuxa,10544
ej,4008
ejay,5154
eja,8395
ejaz,12594
ejla,15878
rmani,6105
rmontay,7280
rmoni,8308
rmon,12057
rmonie,18216
dquan,2137
dquarious,9676
dquavion,10361
dquarius,10856
qynn,18653
ddnald,3685
ddnna,4605
ygnacio,1194
ygnacia,5241
oella,5676
oel,7027
oen,13568
oesha,15192
mmark,4361
mmichael,4379
mmary,6745
mmunga,11782
mmasinachi,16855
ouida,535
oumar,2983
ouita,3075
oudia,3109
ousmane,3493
oumou,3618
ousman,4064
ourania,5106
ouinton,7004
oussama,8964
msgana,14687
yris,13395
yrania,15731
yridiana,15732
ssirley,7173
sstephanie,11913
iwao,1798
iwana,4048
iwan,4202
iwalani,5031
iwona,8474
iwinosa,14479
uel,3351
fher,6521
fhernando,12884
uilani,6786
uilliam,7562
uinise,17926
htoo,7762
iula,3182
iuma,11133
ld,3004
ldarius,9261
yhair,7803
yhael,12053
yhoalibeth,16913
yhadira,17094
yhari,17574
yhuri,17575
gjon,3822
xhaiden,6581
xhavier,12029
xhuri,15112
xharia,17359
ndea,3407
ndrew,3471
ndeye,4284
ndia,4369
ndidi,7809
ndrea,11561
ndya,15055
ndey,18380
nsombi,7058
nseya,12309
uchenna,3439
uchechukwu,6277
uchechi,9514
uche,12657
uciel,14268
iisha,3524
iiesha,8833
ii,9277
iian,11593
iishia,13966
iiana,14166
iiyana,17533
lc,2495
csilla,6742
equilla,1583
equan,4866
equasha,13956
equasia,13957
yzabella,3564
yzael,9667
yzabelle,10108
yzabel,12400
yzamar,12946
wwilliam,3272
wwlliam,3554
qmari,12026
ytzel,5273
uarda,3665
ualani,18657
oona,1638
oonagh,12452
ugo,1824
ugene,3747
ugochukwu,4776
uganda,4847
ugonna,7751
ugochi,11281
ugne,19892
sbrina,10907
sbeidy,17906
tlaloc,5188
tlyer,8704
tlalli,15059
tliyah,15270
tleah,19060
iqra,1826
iquan,5226
iqbal,6039
iqlas,10088
bg,6250
hser,8571
hsa,12759
nwamaka,15179
uhuru,3641
uhtred,4156
uhl,4287
uhura,6596
jquan,2087
jqwon,12252
nciholas,5565
ncholas,6978
ncole,11890
hjalmer,905
hjalmar,925
hjordis,2659
zmya,10985
zmari,12164
zmarion,12541
zmaya,13126
zmere,14018
zmiyah,17468
xsavior,7619
xsavier,8124
xsavion,14525
ppatricia,6029
mber,6950
szymon,3077
szander,14127
szofia,18907
uyless,3127
uyen,3234
uyiosa,11986
jt,2867
rwanda,6086
rwby,15299
rwan,15341
mwajuma,13059
wladyslaw,1695
wladyslawa,2382
wlliam,2667
wladimir,7260
ffion,16014
rron,11856
rreon,13761
rreanna,19445
uuno,4250
zxavian,12756
ywa,13993
jj,2872
jjesus,3523
jjames,3723
jjuan,7318
squire,478
square,1167
njeri,3758
njideka,10250
tquan,11344
pj,4458
zvi,2468
jzon,8497
jziah,11500
jzabehl,16451
oxford,6194
oxley,6617
oxana,16198
cchristopher,6876
mliss,3254
mlissa,5482
mlisa,7303
mlynn,9094
mlani,13096
mlak,16246
mleah,18957
wm,376
tvisha,5195
lwren,11551
pnina,9244
zbigniew,2511
sjon,4653
sjana,6770
sj,11902
zzyzx,14095
zkai,14100
zkari,14230
zkye,14606
tj,1177
tjay,4466
tjuana,4797
tjuan,6426
tjaden,7580
tchalla,4271
tc,5689
tchanavian,12663
mguadalupe,15295
xxavier,7772
cmone,14904
cmya,16671
rj,3048
rjay,8015
psalm,2022
psalms,6249
psymon,12279
bb,4222
cj,1844
cjay,8258
kfir,13477
lb,3824
rpbert,5817
qetsiyah,17054
rl,4759
jb,1846
qorianka,14762
rd,4101
xcaret,10717
ydania,9638
wnedy,13214
wc,4579
gzim,6153
nmachi,15413
mj,5462
lrey,10393
lg,4684
zdenka,4195
bnai,8551